{"cameraMode":{"drawMode":0,"name":"Shaded","section":"Shading Mode"},"sceneLighting":true,"audioPlay":false,"sceneViewState":{"m_AlwaysRefresh":false,"showFog":true,"showSkybox":true,"showFlares":true,"showImageEffects":true,"showParticleSystems":true,"showVisualEffectGraphs":true,"m_FxEnabled":true},"in2DMode":false,"pivot":{"x":19.28711700439453,"y":4.2571916580200199,"z":18.78316307067871},"rotation":{"x":-0.08420145511627197,"y":-0.012855369597673417,"z":0.0010888843098655344,"w":-0.996351420879364},"size":36.076133728027347,"orthographic":false}