{"cameraMode":{"drawMode":0,"name":"Shaded","section":"Shading Mode"},"sceneLighting":true,"audioPlay":false,"sceneViewState":{"m_AlwaysRefresh":false,"showFog":true,"showSkybox":true,"showFlares":true,"showImageEffects":true,"showParticleSystems":true,"showVisualEffectGraphs":true,"m_FxEnabled":true},"in2DMode":false,"pivot":{"x":4.4177656173706059,"y":0.5962738990783691,"z":9.102336883544922},"rotation":{"x":0.004043628461658955,"y":0.9957467913627625,"z":-0.0748213529586792,"w":0.05382335186004639},"size":11.133240699768067,"orthographic":false}